snapshot_date,country_code,product_slug,product,category,source,plan,period,price_local,currency,price_usd,us_price_usd,pct_vs_us,in_index,price_note,checked_at,page_url
2026-09-30,CH,boomplay,Boomplay,streaming,app_store,Premium,month,CHF 2.60/mo,CHF,3.13,9.99,-68.669,true,,2026-09-02,https://opentherank.com/streaming-pricing/boomplay/
2026-09-30,CH,memrise,Memrise,education,app_store,Memrise Pro,month,CHF 8.8/mo,CHF,10.58,24.99,-57.663,true,,2026-09-07,https://opentherank.com/education-pricing/memrise/
2026-09-30,CH,picsart,Picsart,photo-video,app_store,Gold,month,CHF5/mo,CHF,6.01,12.99,-53.734,true,,2026-09-08,https://opentherank.com/photo-video-pricing/picsart/
2026-09-30,CH,vocabulary,Vocabulary,education,app_store,Vocabulary Premium,month,CHF 20/mo,CHF,24.05,47.99,-49.885,true,App Store lists 8 purchase entries matching “Vocabulary Premium”. We infer that the lower matching price is monthly and the higher one annual. The store page does not state the billing period; the table displays the lower price (CHF 20/mo).,2026-09-10,https://opentherank.com/education-pricing/vocabulary/
2026-09-30,CH,adobe-photoshop,Adobe Photoshop,photo-video,app_store,Mobile & Web,month,CHF4/mo,CHF,4.81,7.99,-39.8,true,,2026-09-26,https://opentherank.com/photo-video-pricing/adobe-photoshop/
2026-09-30,CH,grindr,Grindr,social,app_store,XTRA,month,CHF12/mo,CHF,14.43,22.99,-37.234,true,,2026-09-06,https://opentherank.com/social-pricing/grindr/
2026-09-30,CH,meitu,Meitu,photo-video,app_store,VIP,month,CHF9/mo,CHF,10.82,12.99,-16.705,true,,2026-09-26,https://opentherank.com/photo-video-pricing/meitu/
2026-09-30,CH,faceapp,FaceApp,photo-video,app_store,Pro,month,CHF7/mo,CHF,8.42,10,-15.8,true,,2026-09-05,https://opentherank.com/photo-video-pricing/faceapp/
2026-09-30,CH,kinemaster,KineMaster,photo-video,app_store,Premium,month,CHF6/mo,CHF,7.21,8.49,-15.077,true,,2026-09-07,https://opentherank.com/photo-video-pricing/kinemaster/
2026-09-30,CH,hinge,Hinge,social,app_store,Hinge+,month,CHF12/mo,CHF,14.43,16.99,-15.068,true,,2026-09-06,https://opentherank.com/social-pricing/hinge/
2026-09-30,CH,sololearn,Sololearn,education,app_store,Sololearn PRO,month,CHF 5/mo,CHF,6.01,6.99,-14.02,true,"App Store lists 4 purchase entries matching “Sololearn PRO”. The matching entries do not share a name, so they may be different tiers. The table keeps the price already on record (CHF 5/mo).",2026-09-09,https://opentherank.com/education-pricing/sololearn/
2026-09-30,CH,gauth,Gauth,education,app_store,Gauth Plus,month,CHF 9/mo,CHF,10.82,11.99,-9.758,true,,2026-09-06,https://opentherank.com/education-pricing/gauth/
2026-09-30,CH,deepl,DeepL,productivity,app_store,Individual,month,CHF 8.00/mo,CHF,9.62,10.49,-8.294,true,,2026-09-26,https://opentherank.com/productivity-pricing/deepl/
2026-09-30,CH,structured,Structured,productivity,app_store,Pro,month,CHF6.95/mo,CHF,8.36,8.99,-7.008,true,App Store lists 2 duplicate offers named “Structured Pro (Monthly)”. The store does not explain the difference between these offers. The table displays the highest price (CHF6.95/mo).,2026-09-10,https://opentherank.com/productivity-pricing/structured/
2026-09-30,CH,quizlet,Quizlet,education,app_store,Quizlet Plus,month,CHF 35/mo,CHF,42.08,44.99,-6.468,true,App Store lists 2 duplicate offers named “Quizlet Plus”. The store does not explain the difference between these offers. The table displays the highest price (CHF 35/mo).,2026-09-09,https://opentherank.com/education-pricing/quizlet/
2026-09-30,CH,datacamp,DataCamp,education,app_store,DataCamp Standard,month,CHF 27.5/mo,CHF,33.06,35,-5.543,true,,2026-09-05,https://opentherank.com/education-pricing/datacamp/
2026-09-30,CH,speechify,Speechify,productivity,app_store,Premium,month,CHF20/mo,CHF,24.05,24.99,-3.762,true,App Store lists 2 duplicate offers named “Premium Monthly”. The store does not explain the difference between these offers. The table displays the highest price (CHF20/mo).,2026-09-10,https://opentherank.com/productivity-pricing/speechify/
2026-09-30,CH,snapchat,Snapchat,social,app_store,Snapchat+,month,CHF4/mo,CHF,4.81,4.99,-3.607,true,,2026-09-09,https://opentherank.com/social-pricing/snapchat/
2026-09-30,CH,duolingo,Duolingo,education,app_store,Super Duolingo,month,CHF 10.5/mo,CHF,12.62,12.99,-2.848,true,App Store lists 4 duplicate offers named “Super Duolingo”. We infer that the lower matching price is monthly and the higher one annual. The store page does not state the billing period; the table displays the lower price (CHF 10.5/mo).,2026-09-25,https://opentherank.com/education-pricing/duolingo/
2026-09-30,CH,invideo,invideo AI,ai,app_store,Plus,month,CHF25/mo,CHF,30.06,30,0.2,true,,2026-09-07,https://opentherank.com/ai-pricing/invideo/
2026-09-30,CH,speak-learn-english,Speak & Learn English,education,app_store,Learna Pro,month,CHF 15/mo,CHF,18.03,17.99,0.222,true,App Store lists 7 purchase entries matching “Learna Pro”. The store does not explain the difference between these offers. The table displays the highest price (CHF 15/mo).,2026-09-10,https://opentherank.com/education-pricing/speak-learn-english/
2026-09-30,CH,bazaart,Bazaart,photo-video,app_store,Premium,month,CHF10/mo,CHF,12.02,11.99,0.25,true,,2026-09-04,https://opentherank.com/photo-video-pricing/bazaart/
2026-09-30,CH,anghami,Anghami,streaming,app_store,Plus,month,CHF 5.00/mo,CHF,6.01,5.99,0.334,true,,2026-09-26,https://opentherank.com/streaming-pricing/anghami/
2026-09-30,CH,headway,Headway,education,app_store,Headway Premium,month,CHF 10.95/mo,CHF,13.17,12.99,1.386,true,,2026-09-06,https://opentherank.com/education-pricing/headway/
2026-09-30,CH,cursor,Cursor,ai,app_store,Pro,month,CHF 22.00/mo,CHF,26.45,25.99,1.77,true,,2026-09-26,https://opentherank.com/ai-pricing/cursor/
2026-09-30,CH,gemini,Gemini,ai,app_store,Google AI Pro,month,CHF17/mo,CHF,20.44,19.99,2.251,true,,2026-09-29,https://opentherank.com/ai-pricing/gemini/
2026-09-30,CH,crunchyroll,Crunchyroll,streaming,app_store,Mega Fan,month,CHF 11.90/mo,CHF,14.31,13.99,2.287,true,,2026-09-01,https://opentherank.com/streaming-pricing/crunchyroll/
2026-09-30,CH,drops,Drops,education,app_store,Premium,month,CHF 8.5/mo,CHF,10.22,9.99,2.302,true,,2026-09-05,https://opentherank.com/education-pricing/drops/
2026-09-30,CH,mimo,Mimo,education,app_store,Highest,month,CHF 86/mo,CHF,103.4,99.99,3.41,true,App Store lists 4 duplicate offers named “Mimo Pro”. The store does not explain the difference between these offers. The table displays the highest price (CHF 86/mo).,2026-09-08,https://opentherank.com/education-pricing/mimo/
2026-09-30,CH,lovable,Lovable,ai,app_store,Pro,month,CHF35/mo,CHF,42.08,39.99,5.226,true,,2026-09-14,https://opentherank.com/ai-pricing/lovable/
2026-09-30,CH,evernote,Evernote,productivity,app_store,Personal,month,CHF15.5/mo,CHF,18.64,17.49,6.575,true,,2026-09-05,https://opentherank.com/productivity-pricing/evernote/
2026-09-30,CH,canva,Canva,photo-video,app_store,Pro,month,CHF16/mo,CHF,19.24,18,6.889,true,App Store lists 2 duplicate offers named “Canva Pro – Monatsabo”. The store does not explain the difference between these offers. The table displays the highest price (CHF16/mo).,2026-09-27,https://opentherank.com/photo-video-pricing/canva/
2026-09-30,CH,replit,Replit,ai,app_store,Core,month,CHF 18.00/mo,CHF,21.64,20,8.2,true,,2026-09-25,https://opentherank.com/ai-pricing/replit/
2026-09-30,CH,suno,Suno,ai,app_store,Pro,month,CHF9/mo,CHF,10.82,10,8.2,true,App Store lists 2 duplicate offers named “Pro Plan”. We infer that the lower matching price is monthly and the higher one annual. The store page does not state the billing period; the table displays the lower price (CHF9/mo).,2026-09-27,https://opentherank.com/ai-pricing/suno/
2026-09-30,CH,base44,Base44,ai,app_store,Starter,month,CHF 18.00/mo,CHF,21.64,19.99,8.254,true,,2026-09-14,https://opentherank.com/ai-pricing/base44/
2026-09-30,CH,notability,Notability,productivity,app_store,Plus,year,CHF18/yr,CHF,21.64,19.99,8.254,true,App Store lists 2 duplicate offers named “Notability Plus”. The store does not explain the difference between these offers. The table displays the highest price (CHF18/yr).,2026-09-27,https://opentherank.com/productivity-pricing/notability/
2026-09-30,CH,x,X,social,app_store,Premium,month,CHF10/mo,CHF,12.02,11,9.273,true,,2026-09-29,https://opentherank.com/social-pricing/x/
2026-09-30,CH,hbo-max,HBO Max,streaming,app_store,Standard,month,CHF 16.90/mo,CHF,20.32,18.49,9.897,true,,2026-09-24,https://opentherank.com/streaming-pricing/hbo-max/
2026-09-30,CH,prequel,Prequel,photo-video,app_store,Gold,week,CHF5.5/week,CHF,6.61,5.99,10.351,true,App Store lists 4 purchase entries matching “Gold”. The store does not explain the difference between these offers. The table displays the highest price (CHF5.5/week).,2026-09-08,https://opentherank.com/photo-video-pricing/prequel/
2026-09-30,CH,chineasy,Chineasy,education,app_store,Chineasy Premium,month,CHF 12/mo,CHF,14.43,12.99,11.085,true,,2026-09-04,https://opentherank.com/education-pricing/chineasy/
2026-09-30,CH,instagram,Instagram,social,app_store,Meta Verified,month,CHF13.95/mo,CHF,16.77,14.99,11.875,true,,2026-09-27,https://opentherank.com/social-pricing/instagram/
2026-09-30,CH,mubi,MUBI,streaming,app_store,Monthly,month,CHF 14.00/mo,CHF,16.83,14.99,12.275,true,,2026-09-13,https://opentherank.com/streaming-pricing/mubi/
2026-09-30,CH,runwayml,RunwayML,ai,app_store,Standard,month,CHF14/mo,CHF,16.83,14.99,12.275,true,,2026-09-09,https://opentherank.com/ai-pricing/runwayml/
2026-09-30,CH,leonardo-ai,Leonardo AI,ai,app_store,Essential,month,CHF15/mo,CHF,18.03,15.99,12.758,true,App Store lists 2 purchase entries matching “Essential”. The store does not explain the difference between these offers. The table displays the highest price (CHF15/mo).,2026-09-27,https://opentherank.com/ai-pricing/leonardo-ai/
2026-09-30,CH,adobe-lightroom,Adobe Lightroom,photo-video,app_store,Premium 100GB,month,CHF7.5/mo,CHF,9.02,7.99,12.891,true,App Store lists 2 duplicate offers named “Premium monatlich 100 GB”. The store does not explain the difference between these offers. The table displays the highest price (CHF7.5/mo).,2026-09-26,https://opentherank.com/photo-video-pricing/adobe-lightroom/
2026-09-30,CH,figma,Figma,photo-video,vendor_website,Professional (pre-tax),month,€20/mo,EUR,22.75,20,13.75,true,,2026-09-29,https://opentherank.com/photo-video-pricing/figma/
2026-09-30,CH,discord,Discord,social,app_store,Nitro,month,CHF9.5/mo,CHF,11.42,9.99,14.314,true,"App Store lists 2 purchase entries matching “Nitro”. The matching entries do not share a name, so they may be different tiers. The table keeps the price already on record (CHF9.5/mo).",2026-09-28,https://opentherank.com/social-pricing/discord/
2026-09-30,CH,reading-com,Learn to Read - Reading.com,education,app_store,Learn to Read,month,CHF 12/mo,CHF,14.43,12.49,15.532,true,App Store lists 2 duplicate offers named “Learn to Read (Monthly)”. The store does not explain the difference between these offers. The table displays the highest price (CHF 12/mo).,2026-09-09,https://opentherank.com/education-pricing/reading-com/
2026-09-30,CH,raya,Raya,social,app_store,Membership,month,CHF110/mo,CHF,132.25,113.99,16.019,true,App Store lists 2 duplicate offers named “Membership”. The store does not explain the difference between these offers. The table displays the highest price (CHF110/mo).,2026-09-09,https://opentherank.com/social-pricing/raya/
2026-09-30,CH,blinkist,Blinkist,education,app_store,Blinkist Premium,month,CHF 12.9/mo,CHF,15.51,12.99,19.4,true,,2026-09-04,https://opentherank.com/education-pricing/blinkist/
2026-09-30,CH,microsoft-excel,Microsoft Excel,productivity,app_store,365 Personal,month,CHF9.95/mo,CHF,11.96,9.99,19.72,true,,2026-09-07,https://opentherank.com/productivity-pricing/microsoft-excel/
2026-09-30,CH,microsoft-onedrive,Microsoft OneDrive,productivity,app_store,365 Personal,month,CHF9.95/mo,CHF,11.96,9.99,19.72,true,App Store lists 2 duplicate offers named “Microsoft 365 Personal”. We infer that the lower matching price is monthly and the higher one annual. The store page does not state the billing period; the table displays the lower price (CHF9.95/mo).,2026-09-27,https://opentherank.com/productivity-pricing/microsoft-onedrive/
2026-09-30,CH,microsoft-powerpoint,Microsoft PowerPoint,productivity,app_store,365 Personal,month,CHF9.95/mo,CHF,11.96,9.99,19.72,true,,2026-09-07,https://opentherank.com/productivity-pricing/microsoft-powerpoint/
2026-09-30,CH,copilot,Microsoft Copilot,ai,app_store,Microsoft 365 Premium,month,CHF 19.95/mo,CHF,23.99,19.99,20.01,true,,2026-09-27,https://opentherank.com/ai-pricing/copilot/
2026-09-30,CH,linkedin,LinkedIn,social,app_store,Premium Career,month,CHF39.95/mo,CHF,48.03,39.99,20.105,true,,2026-09-07,https://opentherank.com/social-pricing/linkedin/
2026-09-30,CH,github-copilot,GitHub Copilot,ai,app_store,Copilot Pro,month,CHF 10.00/mo,CHF,12.02,10,20.2,true,,2026-09-29,https://opentherank.com/ai-pricing/github-copilot/
2026-09-30,CH,kling-ai,Kling AI,ai,app_store,Standard,month,CHF10/mo,CHF,12.02,10,20.2,true,,2026-09-27,https://opentherank.com/ai-pricing/kling-ai/
2026-09-30,CH,xmind,Xmind,productivity,app_store,Premium,month,CHF15/mo,CHF,18.03,15,20.2,true,,2026-09-28,https://opentherank.com/productivity-pricing/xmind/
2026-09-30,CH,perplexity,Perplexity,ai,app_store,Professional,month,CHF 20/mo,CHF,24.05,20,20.25,true,App Store lists 3 duplicate offers named “Perplexity Pro”. We infer that the lower matching price is monthly and the higher one annual. The store page does not state the billing period; the table displays the lower price (CHF 20/mo).,2026-09-28,https://opentherank.com/ai-pricing/perplexity/
2026-09-30,CH,codecademy-go,Codecademy Go,education,app_store,Codecademy Pro,month,CHF 40/mo,CHF,48.09,39.99,20.255,true,,2026-09-04,https://opentherank.com/education-pricing/codecademy-go/
2026-09-30,CH,acrobat-reader,Acrobat Reader,productivity,app_store,Premium,month,CHF15/mo,CHF,18.03,14.99,20.28,true,App Store lists 2 duplicate offers named “Acrobat Premium - monatlich”. The store does not explain the difference between these offers. The table displays the highest price (CHF15/mo).,2026-09-25,https://opentherank.com/productivity-pricing/acrobat-reader/
2026-09-30,CH,le-chat,Le Chat,ai,app_store,Pro,month,CHF15/mo,CHF,18.03,14.99,20.28,true,,2026-09-07,https://opentherank.com/ai-pricing/le-chat/
2026-09-30,CH,pimsleur,Pimsleur,education,app_store,All Access,month,CHF 21/mo,CHF,25.25,20.99,20.295,true,,2026-09-08,https://opentherank.com/education-pricing/pimsleur/
2026-09-30,CH,goodshort,GoodShort,streaming,app_store,Weekly VIP,week,CHF 20.00/week,CHF,24.05,19.99,20.31,true,App Store lists 4 purchase entries matching “Weekly VIP”. The store does not explain the difference between these offers. The table retains the previously recorded price (CHF 20.00/week).,2026-09-13,https://opentherank.com/streaming-pricing/goodshort/
2026-09-30,CH,opal,Opal,productivity,app_store,Pro,month,CHF20/mo,CHF,24.05,19.99,20.31,true,App Store lists 2 duplicate offers named “Monthly Plan”. The store does not explain the difference between these offers. The table displays the highest price (CHF20/mo).,2026-09-08,https://opentherank.com/productivity-pricing/opal/
2026-09-30,CH,poe,Poe,ai,app_store,Monthly,month,CHF20/mo,CHF,24.05,19.99,20.31,true,App Store lists 3 purchase entries matching “Monthly”. The store does not explain the difference between these offers. The table displays the highest price (CHF20/mo).,2026-09-08,https://opentherank.com/ai-pricing/poe/
2026-09-30,CH,reelshort,ReelShort,streaming,app_store,Subscription,week,CHF 20.00/week,CHF,24.05,19.99,20.31,true,,2026-09-11,https://opentherank.com/streaming-pricing/reelshort/
2026-09-30,CH,character-ai,Character AI,ai,app_store,c.ai+,month,CHF10/mo,CHF,12.02,9.99,20.32,true,,2026-09-04,https://opentherank.com/ai-pricing/character-ai/
2026-09-30,CH,craft,Craft,productivity,app_store,Plus,month,CHF10/mo,CHF,12.02,9.99,20.32,true,,2026-09-05,https://opentherank.com/productivity-pricing/craft/
2026-09-30,CH,darkroom,Darkroom,photo-video,app_store,Monthly,month,CHF10/mo,CHF,12.02,9.99,20.32,true,,2026-09-05,https://opentherank.com/photo-video-pricing/darkroom/
2026-09-30,CH,encode,Encode,education,app_store,Encode Plus,month,CHF 10/mo,CHF,12.02,9.99,20.32,true,,2026-09-05,https://opentherank.com/education-pricing/encode/
2026-09-30,CH,filmora,Filmora,photo-video,app_store,Pro,month,CHF10/mo,CHF,12.02,9.99,20.32,true,,2026-09-05,https://opentherank.com/photo-video-pricing/filmora/
2026-09-30,CH,finelo,Finelo,education,app_store,Finelo Premium,month,CHF 10/mo,CHF,12.02,9.99,20.32,true,,2026-09-05,https://opentherank.com/education-pricing/finelo/
2026-09-30,CH,photoroom,Photoroom,photo-video,app_store,Pro,month,CHF10/mo,CHF,12.02,9.99,20.32,true,App Store lists 3 duplicate offers named “Photoroom PRO”. We infer that the lower matching price is monthly and the higher one annual. The store page does not state the billing period; the table displays the lower price (CHF10/mo).,2026-09-08,https://opentherank.com/photo-video-pricing/photoroom/
2026-09-30,CH,vsco,VSCO,photo-video,app_store,Plus,month,CHF10/mo,CHF,12.02,9.99,20.32,true,,2026-09-28,https://opentherank.com/photo-video-pricing/vsco/
2026-09-30,CH,imprint,Imprint,education,app_store,Imprint Premium,month,CHF 16/mo,CHF,19.24,15.99,20.325,true,,2026-09-06,https://opentherank.com/education-pricing/imprint/
2026-09-30,CH,goodnotes,Goodnotes,productivity,app_store,Essential,year,CHF12/yr,CHF,14.43,11.99,20.35,true,,2026-09-06,https://opentherank.com/productivity-pricing/goodnotes/
2026-09-30,CH,lumosity,Lumosity,education,app_store,Lumosity Premium,month,CHF 12/mo,CHF,14.43,11.99,20.35,true,,2026-09-07,https://opentherank.com/education-pricing/lumosity/
2026-09-30,CH,notion,Notion,productivity,app_store,Plus,month,CHF12/mo,CHF,14.43,11.99,20.35,true,,2026-09-27,https://opentherank.com/productivity-pricing/notion/
2026-09-30,CH,elevate,Elevate,education,app_store,Elevate Premium,month,CHF 5/mo,CHF,6.01,4.99,20.441,true,,2026-09-05,https://opentherank.com/education-pricing/elevate/
2026-09-30,CH,inshot,InShot,photo-video,app_store,Pro,month,CHF5/mo,CHF,6.01,4.99,20.441,true,,2026-09-06,https://opentherank.com/photo-video-pricing/inshot/
2026-09-30,CH,podimo,Podimo,streaming,app_store,Premium,month,CHF 5.00/mo,CHF,6.01,4.99,20.441,true,,2026-09-03,https://opentherank.com/streaming-pricing/podimo/
2026-09-30,CH,scrl,SCRL,photo-video,app_store,Premium,week,CHF5/week,CHF,6.01,4.99,20.441,true,,2026-09-09,https://opentherank.com/photo-video-pricing/scrl/
2026-09-30,CH,telegram,Telegram,social,app_store,Premium,month,CHF5/mo,CHF,6.01,4.99,20.441,true,,2026-09-25,https://opentherank.com/social-pricing/telegram/
2026-09-30,CH,dazz-cam,Dazz Cam,photo-video,app_store,Pro,month,CHF7/mo,CHF,8.42,6.99,20.458,true,,2026-09-05,https://opentherank.com/photo-video-pricing/dazz-cam/
2026-09-30,CH,todoist,Todoist,productivity,app_store,Pro,month,CHF7/mo,CHF,8.42,6.99,20.458,true,,2026-09-10,https://opentherank.com/productivity-pricing/todoist/
2026-09-30,CH,google-one,Google One,productivity,app_store,100 GB,month,CHF2/mo,CHF,2.4,1.99,20.603,true,App Store lists 2 purchase entries matching “100 GB”. We infer that the lower matching price is monthly and the higher one annual. The store page does not state the billing period; the table displays the lower price (CHF2/mo).,2026-09-28,https://opentherank.com/productivity-pricing/google-one/
2026-09-30,CH,icloud,iCloud+,productivity,vendor_website,200 GB,month,CHF3/mo,CHF,3.61,2.99,20.736,true,,2026-09-29,https://opentherank.com/productivity-pricing/icloud/
2026-09-30,CH,manus,Manus,ai,app_store,Plus,month,CHF 40/mo,CHF,48.09,39,23.308,true,,2026-09-28,https://opentherank.com/ai-pricing/manus/
2026-09-30,CH,zoom,Zoom,productivity,app_store,Pro,month,CHF17.5/mo,CHF,21.04,16.99,23.838,true,,2026-09-10,https://opentherank.com/productivity-pricing/zoom/
2026-09-30,CH,her,HER,social,app_store,Premium,month,CHF15.5/mo,CHF,18.64,14.99,24.35,true,,2026-09-06,https://opentherank.com/social-pricing/her/
2026-09-30,CH,heygen,HeyGen,ai,app_store,Creator,month,CHF30/mo,CHF,36.07,29,24.379,true,"App Store lists 2 purchase entries matching “Creator”. The matching entries do not share a name, so they may be different tiers. The table keeps the price already on record (CHF30/mo).",2026-09-27,https://opentherank.com/ai-pricing/heygen/
2026-09-30,CH,captions,Captions,ai,app_store,Basic,month,CHF 10.50/mo,CHF,12.62,9.99,26.326,true,,2026-09-16,https://opentherank.com/ai-pricing/captions/
2026-09-30,CH,eggbun,Eggbun,education,app_store,Eggbun Premium,month,CHF 10.5/mo,CHF,12.62,9.99,26.326,true,,2026-09-05,https://opentherank.com/education-pricing/eggbun/
2026-09-30,CH,remini,Remini,photo-video,app_store,Pro,week,CHF10.5/week,CHF,12.62,9.99,26.326,true,App Store lists 3 duplicate offers named “Remini Pro Weekly”. The store does not explain the difference between these offers. The table displays the highest price (CHF10.5/week).,2026-09-09,https://opentherank.com/photo-video-pricing/remini/
2026-09-30,CH,kimi,Kimi,ai,app_store,Moderato,month,CHF20/mo,CHF,24.05,19,26.579,true,App Store lists 2 purchase entries matching “Moderato”. The store does not explain the difference between these offers. The table displays the highest price (CHF20/mo).,2026-09-28,https://opentherank.com/ai-pricing/kimi/
2026-09-30,CH,otter,Otter,productivity,app_store,Pro,month,CHF18/mo,CHF,21.64,16.99,27.369,true,App Store lists 2 duplicate offers named “Otter Pro (monthly)”. The store does not explain the difference between these offers. The table displays the highest price (CHF18/mo).,2026-09-08,https://opentherank.com/productivity-pricing/otter/
2026-09-30,CH,pdf-expert,PDF Expert,productivity,app_store,Premium,year,CHF53/yr,CHF,63.72,49.99,27.465,true,App Store lists 2 duplicate offers named “PDF Expert Premium”. The store does not explain the difference between these offers. The table displays the highest price (CHF53/yr).,2026-09-08,https://opentherank.com/productivity-pricing/pdf-expert/
2026-09-30,CH,grammarly,Grammarly,productivity,app_store,Premium,month,CHF32/mo,CHF,38.47,29.99,28.276,true,App Store lists 2 duplicate offers named “Monatsabonnement”. The store does not explain the difference between these offers. The table displays the highest price (CHF32/mo).,2026-09-25,https://opentherank.com/productivity-pricing/grammarly/
2026-09-30,CH,proton-mail,Proton Mail,productivity,app_store,Mail Plus,month,CHF6.4/mo,CHF,7.69,5.99,28.381,true,,2026-09-08,https://opentherank.com/productivity-pricing/proton-mail/
2026-09-30,CH,skillshare,Skillshare,education,app_store,Skillshare Membership,year,CHF 180.00/yr,CHF,216.41,167.99,28.823,true,,2026-09-27,https://opentherank.com/education-pricing/skillshare/
2026-09-30,CH,reddit,Reddit,social,app_store,Premium,month,CHF7.5/mo,CHF,9.02,6.99,29.041,true,,2026-09-27,https://opentherank.com/social-pricing/reddit/
2026-09-30,CH,microsoft-word,Microsoft Word,productivity,app_store,365 Family,month,CHF13.95/mo,CHF,16.77,12.99,29.099,true,App Store lists 2 duplicate offers named “Microsoft 365 Family”. We infer that the lower matching price is monthly and the higher one annual. The store page does not state the billing period; the table displays the lower price (CHF13.95/mo).,2026-09-08,https://opentherank.com/productivity-pricing/microsoft-word/
2026-09-30,CH,dropbox,Dropbox,productivity,app_store,Plus,month,CHF12.9/mo,CHF,15.51,11.99,29.358,true,,2026-09-28,https://opentherank.com/productivity-pricing/dropbox/
2026-09-30,CH,bumble,Bumble,social,app_store,Boost,month,CHF14/mo,CHF,16.83,12.99,29.561,true,App Store lists 2 duplicate offers named “Bumble Boost”. The store does not explain the difference between these offers. The table displays the highest price (CHF14/mo).,2026-09-25,https://opentherank.com/social-pricing/bumble/
2026-09-30,CH,hellotalk,HelloTalk,social,app_store,VIP,month,CHF14/mo,CHF,16.83,12.99,29.561,true,,2026-09-27,https://opentherank.com/social-pricing/hellotalk/
2026-09-30,CH,disney-plus,Disney+,streaming,app_store,Premium,month,CHF 23.50/mo,CHF,28.25,21.49,31.456,true,,2026-09-29,https://opentherank.com/streaming-pricing/disney-plus/
2026-09-30,CH,beautyplus,BeautyPlus,photo-video,app_store,Premium,month,CHF10/mo,CHF,12.02,8.99,33.704,true,,2026-09-04,https://opentherank.com/photo-video-pricing/beautyplus/
2026-09-30,CH,viki,Viki,streaming,app_store,Pass Standard,month,CHF 8.90/mo,CHF,10.7,7.99,33.917,true,,2026-09-13,https://opentherank.com/streaming-pricing/viki/
2026-09-30,CH,youtube,YouTube,streaming,app_store,Premium,month,CHF 23.90/mo,CHF,28.73,20.99,36.875,true,,2026-09-29,https://opentherank.com/streaming-pricing/youtube/
2026-09-30,CH,netflix,Netflix,streaming,app_store,Standard,month,CHF 22.90/mo,CHF,27.53,19.99,37.719,true,,2026-09-29,https://opentherank.com/streaming-pricing/netflix/
2026-09-30,CH,spotify,Spotify,streaming,vendor_website,Individual,month,CHF15.95/mo,CHF,19.18,12.99,47.652,true,,2026-09-29,https://opentherank.com/streaming-pricing/spotify/
2026-09-30,CH,capcut,CapCut,photo-video,app_store,Pro,month,CHF25/mo,CHF,30.06,19.99,50.375,true,,2026-09-25,https://opentherank.com/photo-video-pricing/capcut/
2026-09-30,CH,epic-kids-books,Epic,education,app_store,Unlimited Access,month,CHF 10/mo,CHF,12.02,7.99,50.438,true,,2026-09-05,https://opentherank.com/education-pricing/epic-kids-books/
2026-09-30,CH,deezer,Deezer,streaming,app_store,Premium,month,CHF 18.95/mo,CHF,22.78,14.99,51.968,true,,2026-09-01,https://opentherank.com/streaming-pricing/deezer/
2026-09-30,CH,soundcloud,SoundCloud,streaming,app_store,Go+,month,CHF 18.95/mo,CHF,22.78,14.99,51.968,true,,2026-08-31,https://opentherank.com/streaming-pricing/soundcloud/
2026-09-30,CH,speak,Speak,education,app_store,Premium,month,CHF 23.00/mo,CHF,27.65,17.99,53.696,true,,2026-09-16,https://opentherank.com/education-pricing/speak/
2026-09-30,CH,tinder,Tinder,social,app_store,Gold,month,CHF32/mo,CHF,38.47,24.99,53.942,true,App Store lists 4 duplicate offers named “Tinder Gold”. The store does not explain the difference between these offers. The table displays the highest price (CHF32/mo).,2026-09-27,https://opentherank.com/social-pricing/tinder/
2026-09-30,CH,tidal,TIDAL,streaming,app_store,Individual,month,CHF 20.00/mo,CHF,24.05,15.49,55.261,true,,2026-09-14,https://opentherank.com/streaming-pricing/tidal/
2026-09-30,CH,powerdirector,PowerDirector,photo-video,app_store,Premium,month,CHF10.5/mo,CHF,12.62,7.99,57.947,true,App Store lists 3 purchase entries matching “Premium”. The store does not explain the difference between these offers. The table displays the highest price (CHF10.5/mo).,2026-09-08,https://opentherank.com/photo-video-pricing/powerdirector/
2026-09-30,CH,mojo,Mojo,photo-video,app_store,Pro,month,CHF24/mo,CHF,28.85,17.99,60.367,true,App Store lists 2 purchase entries matching “Pro”. The store does not explain the difference between these offers. The table displays the highest price (CHF24/mo).,2026-09-08,https://opentherank.com/photo-video-pricing/mojo/
2026-09-30,CH,lingokids,Lingokids,education,app_store,Lingokids Plus,month,CHF 20/mo,CHF,24.05,14.99,60.44,true,,2026-09-07,https://opentherank.com/education-pricing/lingokids/
2026-09-30,CH,deepstash,Deepstash,education,app_store,Deepstash Pro,month,CHF 20/mo,CHF,24.05,12.99,85.142,true,,2026-09-05,https://opentherank.com/education-pricing/deepstash/
2026-09-30,CH,candy-crush-saga,Candy Crush Saga,mobile-game,app_store,50 Gold Bars,one-time,CHF 4,CHF,4.81,7.99,-39.8,false,,2026-09-02,https://opentherank.com/mobile-game-pricing/candy-crush-saga/
2026-09-30,CH,love-and-deepspace,Love and Deepspace,mobile-game,app_store,Pack 8,one-time,CHF 10,CHF,12.02,12.99,-7.467,false,,2026-09-02,https://opentherank.com/mobile-game-pricing/love-and-deepspace/
2026-09-30,CH,last-war-survival,Last War: Survival,mobile-game,app_store,Hot Package 20,one-time,CHF 15.5,CHF,18.64,19.99,-6.753,false,,2026-09-02,https://opentherank.com/mobile-game-pricing/last-war-survival/
2026-09-30,CH,balatro,Balatro,mobile-game,app_store,Full Game,one-time,CHF 7.95,CHF,9.56,9.99,-4.304,false,,2026-09-02,https://opentherank.com/mobile-game-pricing/balatro/
2026-09-30,CH,pubg-mobile,PUBG MOBILE,mobile-game,app_store,1500 Unknown Cash,one-time,CHF 20,CHF,24.05,24.99,-3.762,false,,2026-09-02,https://opentherank.com/mobile-game-pricing/pubg-mobile/
2026-09-30,CH,monopoly-board-game,MONOPOLY: The Board Game,mobile-game,app_store,Full Game,one-time,CHF 4,CHF,4.81,4.99,-3.607,false,,2026-09-02,https://opentherank.com/mobile-game-pricing/monopoly-board-game/
2026-09-30,CH,fortnite,Fortnite,mobile-game,app_store,"2,400 V-Bucks",one-time,CHF 18.9,CHF,22.72,22.99,-1.174,false,,2026-09-02,https://opentherank.com/mobile-game-pricing/fortnite/
2026-09-30,CH,efootball,eFootball,mobile-game,app_store,2130 eFootball Coins,one-time,CHF 15,CHF,18.03,17.99,0.222,false,,2026-09-02,https://opentherank.com/mobile-game-pricing/efootball/
2026-09-30,CH,wuthering-waves,Wuthering Waves,mobile-game,app_store,1980 Lunites,one-time,CHF 25,CHF,30.06,29.99,0.233,false,,2026-09-02,https://opentherank.com/mobile-game-pricing/wuthering-waves/
2026-09-30,CH,bloons-td-6,Bloons TD 6,mobile-game,app_store,Full Game,one-time,CHF 6,CHF,7.21,6.99,3.147,false,,2026-09-02,https://opentherank.com/mobile-game-pricing/bloons-td-6/
2026-09-30,CH,blue-archive,Blue Archive,mobile-game,app_store,Monthly Pyroxene Pack,one-time,CHF 6,CHF,7.21,6.99,3.147,false,,2026-09-02,https://opentherank.com/mobile-game-pricing/blue-archive/
2026-09-30,CH,gta-san-andreas,Grand Theft Auto: San Andreas,mobile-game,app_store,Full Game,one-time,CHF 6,CHF,7.21,6.99,3.147,false,,2026-09-02,https://opentherank.com/mobile-game-pricing/gta-san-andreas/
2026-09-30,CH,archero-2,Archero 2,mobile-game,app_store,Gift Pack 07,one-time,CHF 18,CHF,21.64,19.99,8.254,false,,2026-09-02,https://opentherank.com/mobile-game-pricing/archero-2/
2026-09-30,CH,azur-lane,Azur Lane,mobile-game,app_store,Box of Gems,one-time,CHF 18,CHF,21.64,19.99,8.254,false,,2026-09-02,https://opentherank.com/mobile-game-pricing/azur-lane/
2026-09-30,CH,kingshot,Kingshot,mobile-game,app_store,Normal Pack 10,one-time,CHF 18,CHF,21.64,19.99,8.254,false,,2026-09-02,https://opentherank.com/mobile-game-pricing/kingshot/
2026-09-30,CH,magic-the-gathering-arena,Magic: The Gathering Arena,mobile-game,app_store,"3,400 Gems",one-time,CHF 18,CHF,21.64,19.99,8.254,false,,2026-09-02,https://opentherank.com/mobile-game-pricing/magic-the-gathering-arena/
2026-09-30,CH,onmyoji,Onmyoji,mobile-game,app_store,225 S-Jade,one-time,CHF 18,CHF,21.64,19.99,8.254,false,,2026-09-02,https://opentherank.com/mobile-game-pricing/onmyoji/
2026-09-30,CH,whiteout-survival,Whiteout Survival,mobile-game,app_store,Standard Pack 10,one-time,CHF 18,CHF,21.64,19.99,8.254,false,,2026-09-02,https://opentherank.com/mobile-game-pricing/whiteout-survival/
2026-09-30,CH,dont-starve-together,Don't Starve Together,mobile-game,app_store,Full Game,one-time,CHF 9,CHF,10.82,9.99,8.308,false,,2026-09-02,https://opentherank.com/mobile-game-pricing/dont-starve-together/
2026-09-30,CH,fallout-shelter,Fallout Shelter,mobile-game,app_store,15 Lunchboxes,one-time,CHF 9,CHF,10.82,9.99,8.308,false,,2026-09-02,https://opentherank.com/mobile-game-pricing/fallout-shelter/
2026-09-30,CH,merge-mansion,Merge Mansion,mobile-game,app_store,Shop Offer 08,one-time,CHF 9,CHF,10.82,9.99,8.308,false,,2026-09-02,https://opentherank.com/mobile-game-pricing/merge-mansion/
2026-09-30,CH,rainbow-six-mobile,Rainbow Six Mobile,mobile-game,app_store,560 Platinum,one-time,CHF 9,CHF,10.82,9.99,8.308,false,,2026-09-02,https://opentherank.com/mobile-game-pricing/rainbow-six-mobile/
2026-09-30,CH,roblox,Roblox,mobile-game,app_store,Premium 1000 Robux,one-time,CHF 9,CHF,10.82,9.99,8.308,false,,2026-09-26,https://opentherank.com/mobile-game-pricing/roblox/
2026-09-30,CH,slay-the-spire,Slay the Spire,mobile-game,app_store,Full Game,one-time,CHF 9,CHF,10.82,9.99,8.308,false,,2026-09-02,https://opentherank.com/mobile-game-pricing/slay-the-spire/
2026-09-30,CH,spongebob-bfbb,SpongeBob SquarePants: Battle for Bikini Bottom,mobile-game,app_store,Full Game,one-time,CHF 10,CHF,12.02,10.99,9.372,false,,2026-09-02,https://opentherank.com/mobile-game-pricing/spongebob-bfbb/
2026-09-30,CH,arknights,Arknights,mobile-game,app_store,A pile of Originium,one-time,CHF 14,CHF,16.83,14.99,12.275,false,,2026-09-26,https://opentherank.com/mobile-game-pricing/arknights/
2026-09-30,CH,monopoly-go,MONOPOLY GO!,mobile-game,app_store,Offer 7,one-time,CHF 14,CHF,16.83,14.99,12.275,false,,2026-09-02,https://opentherank.com/mobile-game-pricing/monopoly-go/
2026-09-30,CH,umamusume,Umamusume: Pretty Derby,mobile-game,app_store,"1,500 Carats",one-time,CHF 20,CHF,24.05,20.99,14.578,false,,2026-09-02,https://opentherank.com/mobile-game-pricing/umamusume/
2026-09-30,CH,genshin-impact,Genshin Impact,mobile-game,app_store,1980 Genesis Crystals,one-time,CHF 29,CHF,34.87,29.99,16.272,false,,2026-09-26,https://opentherank.com/mobile-game-pricing/genshin-impact/
2026-09-30,CH,teamfight-tactics,Teamfight Tactics,mobile-game,app_store,2525 TFT Coins,one-time,CHF 18,CHF,21.64,18.49,17.036,false,,2026-09-02,https://opentherank.com/mobile-game-pricing/teamfight-tactics/
2026-09-30,CH,fate-grand-order,Fate/Grand Order,mobile-game,app_store,41 Saint Quartz,one-time,CHF 24,CHF,28.85,23.99,20.258,false,,2026-09-02,https://opentherank.com/mobile-game-pricing/fate-grand-order/
2026-09-30,CH,honkai-star-rail,Honkai: Star Rail,mobile-game,app_store,1980 Oneiric Shards,one-time,CHF 30,CHF,36.07,29.99,20.273,false,,2026-09-12,https://opentherank.com/mobile-game-pricing/honkai-star-rail/
2026-09-30,CH,zenless-zone-zero,Zenless Zone Zero,mobile-game,app_store,1980 Monochrome,one-time,CHF 30,CHF,36.07,29.99,20.273,false,,2026-09-26,https://opentherank.com/mobile-game-pricing/zenless-zone-zero/
2026-09-30,CH,afk-journey,AFK Journey,mobile-game,app_store,$19.99 Diamond Pack,one-time,CHF 20,CHF,24.05,19.99,20.31,false,,2026-09-26,https://opentherank.com/mobile-game-pricing/afk-journey/
2026-09-30,CH,pokemon-tcg-pocket,Pokémon TCG Pocket,mobile-game,app_store,100 Poké Gold,one-time,CHF 20,CHF,24.05,19.99,20.31,false,,2026-09-02,https://opentherank.com/mobile-game-pricing/pokemon-tcg-pocket/
2026-09-30,CH,a-little-to-the-left,A Little to the Left,mobile-game,app_store,Full Game,one-time,CHF 10,CHF,12.02,9.99,20.32,false,,2026-09-20,https://opentherank.com/mobile-game-pricing/a-little-to-the-left/
2026-09-30,CH,brawl-stars,Brawl Stars,mobile-game,app_store,170 Gems,one-time,CHF 10,CHF,12.02,9.99,20.32,false,,2026-09-02,https://opentherank.com/mobile-game-pricing/brawl-stars/
2026-09-30,CH,coin-master,Coin Master,mobile-game,app_store,$9.99 Coin Pack,one-time,CHF 10,CHF,12.02,9.99,20.32,false,,2026-09-02,https://opentherank.com/mobile-game-pricing/coin-master/
2026-09-30,CH,free-fire,Free Fire,mobile-game,app_store,1060 Diamonds,one-time,CHF 10,CHF,12.02,9.99,20.32,false,,2026-09-02,https://opentherank.com/mobile-game-pricing/free-fire/
2026-09-30,CH,pokemon-go,Pokémon GO,mobile-game,app_store,"1,200 PokéCoins",one-time,CHF 10,CHF,12.02,9.99,20.32,false,,2026-09-26,https://opentherank.com/mobile-game-pricing/pokemon-go/
2026-09-30,CH,super-mario-run,Super Mario Run,mobile-game,app_store,Full Game Unlock,one-time,CHF 10,CHF,12.02,9.99,20.32,false,,2026-09-02,https://opentherank.com/mobile-game-pricing/super-mario-run/
2026-09-30,CH,rise-of-kingdoms,Rise of Kingdoms,mobile-game,app_store,1050 Gems,one-time,CHF 5,CHF,6.01,4.99,20.441,false,,2026-09-02,https://opentherank.com/mobile-game-pricing/rise-of-kingdoms/
2026-09-30,CH,minecraft,Minecraft,mobile-game,app_store,Realms (2 Friends),month,CHF 4/mo,CHF,4.81,3.99,20.551,false,,2026-09-02,https://opentherank.com/mobile-game-pricing/minecraft/
2026-09-30,CH,plague-inc,Plague Inc.,mobile-game,app_store,Full Game,one-time,CHF 1,CHF,1.2,0.99,21.212,false,,2026-09-02,https://opentherank.com/mobile-game-pricing/plague-inc/
2026-09-30,CH,league-of-legends-wild-rift,League of Legends: Wild Rift,mobile-game,app_store,1850 Wild Cores,one-time,CHF 18,CHF,21.64,16.99,27.369,false,,2026-09-02,https://opentherank.com/mobile-game-pricing/league-of-legends-wild-rift/
2026-09-30,CH,thronefall,Thronefall,mobile-game,app_store,Base Game,one-time,CHF 14.5,CHF,17.43,12.99,34.18,false,,2026-09-02,https://opentherank.com/mobile-game-pricing/thronefall/
