snapshot_date,country_code,category,median_pct_vs_us,n
2026-09-30,EG,ai,-3.952,15
2026-09-30,EG,streaming,-70.514,13
2026-09-30,EG,photo-video,-47.131,24
2026-09-30,EG,productivity,-47.394,26
2026-09-30,EG,education,-63.46,34
2026-09-30,EG,social,-72.632,12
2026-09-30,EG,mobile-game,-3.904,46
2026-09-30,TR,ai,-5.795,25
2026-09-30,TR,streaming,-73.504,16
2026-09-30,TR,photo-video,-59.18,25
2026-09-30,TR,productivity,-32.633,26
2026-09-30,TR,education,-68.591,33
2026-09-30,TR,social,-80.361,11
2026-09-30,TR,mobile-game,2.067,43
2026-09-30,NG,ai,12.45,25
2026-09-30,NG,streaming,-77.816,14
2026-09-30,NG,photo-video,-43.922,25
2026-09-30,NG,productivity,-45.343,26
2026-09-30,NG,education,-68.981,27
2026-09-30,NG,social,-76.294,11
2026-09-30,NG,mobile-game,12.212,34
2026-09-30,PK,ai,-8.349,14
2026-09-30,PK,streaming,-72.542,14
2026-09-30,PK,photo-video,-40.509,24
2026-09-30,PK,productivity,-16.917,25
2026-09-30,PK,education,-42.402,31
2026-09-30,PK,social,-54.79,12
2026-09-30,PK,mobile-game,-2.694,43
2026-09-30,IN,ai,4.05,25
2026-09-30,IN,streaming,-63.227,12
2026-09-30,IN,photo-video,-25.813,22
2026-09-30,IN,productivity,-28.228,27
2026-09-30,IN,education,-46.457,31
2026-09-30,IN,social,-55.591,14
2026-09-30,IN,mobile-game,4.02,39
2026-09-30,BR,ai,5.553,25
2026-09-30,BR,streaming,-61.708,15
2026-09-30,BR,photo-video,-28.16,25
2026-09-30,BR,productivity,-11.316,23
2026-09-30,BR,education,-27.127,27
2026-09-30,BR,social,-54.471,12
2026-09-30,BR,mobile-game,7.952,42
2026-09-30,JP,ai,-4.6,25
2026-09-30,JP,streaming,-44.897,13
2026-09-30,JP,photo-video,-24.682,16
2026-09-30,JP,productivity,-15.179,21
2026-09-30,JP,education,-23.647,25
2026-09-30,JP,social,-33.233,13
2026-09-30,JP,mobile-game,-4.602,37
2026-09-30,CA,ai,-5.819,26
2026-09-30,CA,streaming,-29.353,15
2026-09-30,CA,photo-video,-11.712,25
2026-09-30,CA,productivity,-11.022,27
2026-09-30,CA,education,-8.208,31
2026-09-30,CA,social,-9.623,14
2026-09-30,CA,mobile-game,-3.64,51
2026-09-30,MX,ai,11.506,17
2026-09-30,MX,streaming,-34.732,15
2026-09-30,MX,photo-video,4.605,24
2026-09-30,MX,productivity,-3.952,24
2026-09-30,MX,education,-20.45,28
2026-09-30,MX,social,-19.88,13
2026-09-30,MX,mobile-game,11.311,45
2026-09-30,KR,ai,6.753,24
2026-09-30,KR,streaming,-36.364,10
2026-09-30,KR,photo-video,-14.826,22
2026-09-30,KR,productivity,-7.908,20
2026-09-30,KR,education,-5.584,30
2026-09-30,KR,social,-20.324,12
2026-09-30,KR,mobile-game,10.455,36
2026-09-30,AR,ai,0,13
2026-09-30,AR,streaming,-37.547,13
2026-09-30,AR,photo-video,0,24
2026-09-30,AR,productivity,0,22
2026-09-30,AR,education,-8.338,28
2026-09-30,AR,social,-41.757,14
2026-09-30,AR,mobile-game,0,42
2026-09-30,US,ai,0,26
2026-09-30,US,streaming,0,18
2026-09-30,US,photo-video,0,25
2026-09-30,US,productivity,0,27
2026-09-30,US,education,0,35
2026-09-30,US,social,0,14
2026-09-30,US,mobile-game,0,52
2026-09-30,AU,ai,5.73,26
2026-09-30,AU,streaming,-13.626,17
2026-09-30,AU,photo-video,1.802,25
2026-09-30,AU,productivity,11.477,27
2026-09-30,AU,education,2.617,33
2026-09-30,AU,social,0.648,14
2026-09-30,AU,mobile-game,5.305,50
2026-09-30,FR,ai,27.955,25
2026-09-30,FR,streaming,-1.412,16
2026-09-30,FR,photo-video,13.714,23
2026-09-30,FR,productivity,13.814,24
2026-09-30,FR,education,13.722,28
2026-09-30,FR,social,13.727,13
2026-09-30,FR,mobile-game,22.985,45
2026-09-30,DE,ai,27.956,26
2026-09-30,DE,streaming,13.714,17
2026-09-30,DE,photo-video,13.742,22
2026-09-30,DE,productivity,13.814,25
2026-09-30,DE,education,13.73,27
2026-09-30,DE,social,13.714,13
2026-09-30,DE,mobile-game,27.91,47
2026-09-30,CH,ai,20.105,20
2026-09-30,CH,streaming,25.949,16
2026-09-30,CH,photo-video,20.32,22
2026-09-30,CH,productivity,20.335,24
2026-09-30,CH,education,19.4,27
2026-09-30,CH,social,18.062,14
2026-09-30,CH,mobile-game,8.308,46
2026-09-30,GB,ai,32.533,26
2026-09-30,GB,streaming,19.908,16
2026-09-30,GB,photo-video,19.319,25
2026-09-30,GB,productivity,19.26,27
2026-09-30,GB,education,13.591,33
2026-09-30,GB,social,14.557,14
2026-09-30,GB,mobile-game,32.533,51
2026-09-30,DK,ai,35.4,24
2026-09-30,DK,streaming,9.786,18
2026-09-30,DK,photo-video,18.838,25
2026-09-30,DK,productivity,25.605,25
2026-09-30,DK,education,21.211,34
2026-09-30,DK,social,6.68,14
2026-09-30,DK,mobile-game,30.954,51
