snapshot_date,country_code,country,rank,index_pct_vs_us,p10_pct,p25_pct,p75_pct,p90_pct,cheaper_share,ppp_ratio,basket_n,usd_billed,prices_as_of,fx_date,ppp_source
2026-09-30,EG,Egypt,1,-56.202,-83.456,-69.967,-4,-3.88,0.9355,2.75,124,false,2026-09-29,2026-09-29,"IMF World Economic Outlook, April 2026"
2026-09-30,TR,Turkey,2,-48.972,-86.903,-80.6,-14.657,0,0.8897,1.238,136,false,2026-09-29,2026-09-29,"IMF World Economic Outlook, April 2026"
2026-09-30,NG,Nigeria,3,-48.249,-82.165,-73.104,12.212,18.731,0.6719,3.151,128,false,2026-09-29,2026-09-29,"IMF World Economic Outlook, April 2026"
2026-09-30,PK,Pakistan,4,-36.255,-78.443,-58.651,-5.201,4.178,0.85,2.493,120,false,2026-09-29,2026-09-29,"IMF World Economic Outlook, April 2026"
2026-09-30,IN,India,5,-27.212,-80.989,-59.213,4.004,4.104,0.6718,3.437,131,false,2026-09-29,2026-09-29,"IMF World Economic Outlook, April 2026"
2026-09-30,BR,Brazil,6,-23.262,-65.132,-50.056,-0.2,20.466,0.7559,1.529,127,false,2026-09-29,2026-09-29,"IMF World Economic Outlook, April 2026"
2026-09-30,JP,Japan,7,-15.179,-48.718,-33.233,-4.6,1.224,0.8584,1.43,113,false,2026-09-29,2026-09-29,"IMF World Economic Outlook, April 2026"
2026-09-30,CA,Canada,8,-10.537,-30.132,-18.819,-5.794,-1.1,0.942,1.079,138,false,2026-09-29,2026-09-29,"IMF World Economic Outlook, April 2026"
2026-09-30,MX,Mexico,9,-7.256,-53.553,-36.526,11.333,23.693,0.5537,1.58,121,false,2026-09-29,2026-09-29,"IMF World Economic Outlook, April 2026"
2026-09-30,KR,South Korea,10,-5.105,-44.381,-25.628,6.753,9.908,0.5932,1.638,118,false,2026-09-29,2026-09-29,"IMF World Economic Outlook, April 2026"
2026-09-30,AR,Argentina,11,0,-62.526,-36.628,0,0,0.4737,2.097,114,true,2026-09-29,2026-09-29,"IMF World Economic Outlook, April 2026"
2026-09-30,US,United States,12,0,0,0,0,0,0,1,145,false,2026-09-29,2026-09-29,"IMF World Economic Outlook, April 2026"
2026-09-30,AU,Australia,13,5.253,-21.785,-6.463,10.805,16.066,0.331,1.044,142,false,2026-09-29,2026-09-29,"IMF World Economic Outlook, April 2026"
2026-09-30,FR,France,14,13.742,-16.228,1.114,27.91,36.469,0.2171,1.553,129,false,2026-09-29,2026-09-29,"IMF World Economic Outlook, April 2026"
2026-09-30,DE,Germany,15,13.761,-15.44,1.148,30.333,36.491,0.2308,1.385,130,false,2026-09-29,2026-09-29,"IMF World Economic Outlook, April 2026"
2026-09-30,CH,Switzerland,16,20.28,-8.036,6.732,25.353,37.55,0.1545,1.089,123,false,2026-09-29,2026-09-29,"IMF World Economic Outlook, April 2026"
2026-09-30,GB,United Kingdom,17,23.682,-7.538,3.118,32.533,32.555,0.2057,1.403,141,false,2026-09-29,2026-09-29,"IMF World Economic Outlook, April 2026"
2026-09-30,DK,Denmark,18,25.073,-14.19,6.319,35.536,42.477,0.1714,1.398,140,false,2026-09-29,2026-09-29,"IMF World Economic Outlook, April 2026"
